family,setting,mode,controller,seed,episodes,obs_noise,action_noise,delay,dropout,outlier_prob,excitation_scale,dither,forgetting,window,event_scale,scale_floor,fallback_cond,success,success_stderr,final_error,tail_error,path_efficiency,total_command,calibration_error,condition,excitation,overshoot_rate,event_count,peak_event_error,recovery_steps,initial_to_final_drift
G,g8_h48,random_walk,nominal_offline,310000,8,0.0012,0.0,0,0.0,0.0,1.0,0.0,0.925,14,1.0,0.45,,0.25,0.15309310892394862,0.2502610546946964,0.4797206725100135,0.14045233430503123,3.1904993610392642,0.3848233200856353,1.0,0.00019220014565817076,0.0,0.0,0.0,nan,0.2536075916864028
G,g8_h48,random_walk,nominal_offline,311000,8,0.0012,0.0,0,0.0,0.0,1.0,0.0,0.925,14,1.0,0.45,,0.25,0.15309310892394862,0.27271241536225155,0.5188037162001851,0.24201382117779513,3.1117417123486777,0.252152585095459,1.0,0.00018466941469941727,0.0,0.0,0.0,nan,0.18690737895110576
G,g8_h48,random_walk,frozen_start_calibration,310000,8,0.0012,0.0,0,0.0,0.0,1.0,0.0,0.925,14,1.0,0.45,,0.375,0.1711632992203644,0.21868307331733305,0.4718760672498473,0.12367629922667367,3.4807535346684704,0.2506345991729195,1.1097474417990947,0.0002641558236374039,0.0,0.0,0.0,nan,0.2536075916864028
G,g8_h48,random_walk,frozen_start_calibration,311000,8,0.0012,0.0,0,0.0,0.0,1.0,0.0,0.925,14,1.0,0.45,,0.375,0.1711632992203644,0.2271821107562587,0.48811754231849247,0.23692428647290262,3.205904769089352,0.16986151885688938,1.1457811303820362,0.00020954009413407706,0.0,0.0,0.0,nan,0.18690737895110576
G,g8_h48,random_walk,windowed_sysid,310000,8,0.0012,0.0,0,0.0,0.0,1.0,0.0,0.925,14,1.0,0.45,,0.375,0.1711632992203644,0.21279157465347748,0.45773183539637147,0.12017255397153821,3.590326583800167,0.24417126929116026,1.3151073739405779,0.000416602636174262,0.013020833333333332,0.0,0.0,nan,0.2536075916864028
G,g8_h48,random_walk,windowed_sysid,311000,8,0.0012,0.0,0,0.0,0.0,1.0,0.0,0.925,14,1.0,0.45,,0.375,0.1711632992203644,0.20145104240608863,0.47015138522212285,0.2242828764705989,3.3885577887190164,0.15084289212996876,1.5366084450283704,0.0003906996617793289,0.013020833333333332,0.0,0.0,nan,0.18690737895110576
G,g8_h48,random_walk,calibration_state,310000,8,0.0012,0.0,0,0.0,0.0,1.0,0.0,0.925,14,1.0,0.45,,0.375,0.1711632992203644,0.21634223430761812,0.4658944546420206,0.12589993327054771,3.449819910214415,0.11509919935454684,1.1209592022414465,0.00025655653499970677,0.0,0.0,0.0,nan,0.2536075916864028
G,g8_h48,random_walk,calibration_state,311000,8,0.0012,0.0,0,0.0,0.0,1.0,0.0,0.925,14,1.0,0.45,,0.375,0.1711632992203644,0.22033984626570233,0.4907666484998566,0.23324509986980344,3.2497961203218995,0.08931608624703616,1.1336336814137429,0.0002176334708147239,0.0,0.0,0.0,nan,0.18690737895110576
G,g8_h48,random_walk,oracle,310000,8,0.0012,0.0,0,0.0,0.0,1.0,0.0,0.925,14,1.0,0.45,,0.375,0.1711632992203644,0.21847256432416423,0.4659228940324086,0.1252455649039528,3.4410963449560503,0.0,1.133126257237405,0.0002460209683836001,0.0,0.0,0.0,nan,0.2536075916864028
G,g8_h48,random_walk,oracle,311000,8,0.0012,0.0,0,0.0,0.0,1.0,0.0,0.925,14,1.0,0.45,,0.5,0.1767766952966369,0.217433154759927,0.4904226131801287,0.23568871665674704,3.22590182364341,0.0,1.1555141366552557,0.00021280007437487236,0.0,0.0,0.0,nan,0.18690737895110576
G,g8_h80,random_walk,nominal_offline,310000,8,0.0012,0.0,0,0.0,0.0,1.0,0.0,0.925,14,1.0,0.45,,0.25,0.15309310892394862,0.19501912780898817,0.4116068678099323,0.1381990491124031,5.264576194036806,0.4481680971346509,1.0,0.00021356142012860592,0.0,0.0,0.0,nan,0.3057653579389209
G,g8_h80,random_walk,nominal_offline,311000,8,0.0012,0.0,0,0.0,0.0,1.0,0.0,0.925,14,1.0,0.45,,0.25,0.15309310892394862,0.22027328047322245,0.4646529995947801,0.1348699604055521,5.192686456730953,0.31435499122891725,1.0,0.00023746675213648575,0.0,0.0,0.0,nan,0.24570061296475806
G,g8_h80,random_walk,frozen_start_calibration,310000,8,0.0012,0.0,0,0.0,0.0,1.0,0.0,0.925,14,1.0,0.45,,0.375,0.1711632992203644,0.15038119301451539,0.3827087551148857,0.12706805448244457,5.673635088905975,0.294569628847464,1.1097474417990947,0.00031183925609035813,0.0,0.0,0.0,nan,0.3057653579389209
G,g8_h80,random_walk,frozen_start_calibration,311000,8,0.0012,0.0,0,0.0,0.0,1.0,0.0,0.925,14,1.0,0.45,,0.25,0.15309310892394862,0.19222076512975214,0.45629034533684054,0.13103174507942894,5.347742402518328,0.2355752152417428,1.1457811303820362,0.0002571360022024328,0.0,0.0,0.0,nan,0.24570061296475806
G,g8_h80,random_walk,windowed_sysid,310000,8,0.0012,0.0,0,0.0,0.0,1.0,0.0,0.925,14,1.0,0.45,,0.375,0.1711632992203644,0.12831632407278415,0.37984462737881386,0.12170265321771298,5.9504179123155145,0.2120071179569475,1.4046599018236159,0.0004344246581031698,0.0109375,0.0,0.0,nan,0.3057653579389209
G,g8_h80,random_walk,windowed_sysid,311000,8,0.0012,0.0,0,0.0,0.0,1.0,0.0,0.925,14,1.0,0.45,,0.375,0.1711632992203644,0.19825990531868298,0.4642931941527061,0.1246071281883646,5.596176686786431,0.1330238822528313,1.249569402844922,0.0003491485828801979,0.009375000000000001,0.0,0.0,nan,0.24570061296475806
G,g8_h80,random_walk,calibration_state,310000,8,0.0012,0.0,0,0.0,0.0,1.0,0.0,0.925,14,1.0,0.45,,0.5,0.1767766952966369,0.13390131659816948,0.3797831912839804,0.12702851882347138,5.695381745762311,0.11563182754220258,1.1513873787677085,0.00030442969577013036,0.0,0.0,0.0,nan,0.3057653579389209
G,g8_h80,random_walk,calibration_state,311000,8,0.0012,0.0,0,0.0,0.0,1.0,0.0,0.925,14,1.0,0.45,,0.25,0.15309310892394862,0.1972272944777923,0.4629333198404021,0.12942227357528796,5.380182624507316,0.08212887965617618,1.1591111352523698,0.00026146760945985133,0.0,0.0,0.0,nan,0.24570061296475806
G,g8_h80,random_walk,oracle,310000,8,0.0012,0.0,0,0.0,0.0,1.0,0.0,0.925,14,1.0,0.45,,0.5,0.1767766952966369,0.1361160730260246,0.380654998513524,0.1268544366979994,5.689878225821656,0.0,1.1722382768451922,0.0003036012386028,0.0,0.0,0.0,nan,0.3057653579389209
G,g8_h80,random_walk,oracle,311000,8,0.0012,0.0,0,0.0,0.0,1.0,0.0,0.925,14,1.0,0.45,,0.125,0.11692679333668567,0.20654251229881931,0.4713530574625626,0.13054406706603344,5.340805434908717,0.0,1.1648481178966916,0.00026046487462619815,0.0,0.0,0.0,nan,0.24570061296475806
G,g14_h48,random_walk,nominal_offline,310000,8,0.0012,0.0,0,0.0,0.0,1.0,0.0,0.925,14,1.0,0.45,,0.125,0.11692679333668567,0.40425161263793874,0.42093961100977717,0.25943409775516596,2.7293778100103974,0.3848233200856353,1.0,8.029544488399903e-05,0.0,0.0,0.0,nan,0.2536075916864028
G,g14_h48,random_walk,nominal_offline,311000,8,0.0012,0.0,0,0.0,0.0,1.0,0.0,0.925,14,1.0,0.45,,0.125,0.11692679333668567,0.3242294485033367,0.37426939829098854,0.2579480833519665,2.3962318612730042,0.252152585095459,1.0,4.5011492473696e-05,0.0,0.0,0.0,nan,0.18690737895110576
G,g14_h48,random_walk,frozen_start_calibration,310000,8,0.0012,0.0,0,0.0,0.0,1.0,0.0,0.925,14,1.0,0.45,,0.125,0.11692679333668567,0.37043167095878965,0.4063617182931747,0.2582932432725319,2.768677700369389,0.2506345991729195,1.1097474417990947,6.44651436888097e-05,0.0,0.0,0.0,nan,0.2536075916864028
G,g14_h48,random_walk,frozen_start_calibration,311000,8,0.0012,0.0,0,0.0,0.0,1.0,0.0,0.925,14,1.0,0.45,,0.25,0.15309310892394862,0.31313407007705696,0.36570447746316015,0.2572166886705254,2.386497033227673,0.16986151885688938,1.1457811303820362,3.324907149583656e-05,0.0,0.0,0.0,nan,0.18690737895110576
G,g14_h48,random_walk,windowed_sysid,310000,8,0.0012,0.0,0,0.0,0.0,1.0,0.0,0.925,14,1.0,0.45,,0.125,0.11692679333668567,0.3516298322224649,0.38666389492237374,0.24472948510281184,2.9233756583467745,0.37579164635276513,1.807985599460333,0.00017440835954108224,0.015625,0.0,0.0,nan,0.2536075916864028
G,g14_h48,random_walk,windowed_sysid,311000,8,0.0012,0.0,0,0.0,0.0,1.0,0.0,0.925,14,1.0,0.45,,0.25,0.15309310892394862,0.29062892495336196,0.3501369520460197,0.23435203060989962,2.593096928571339,0.42220830750653393,2.737074947984919,0.00011650780517397586,0.010416666666666666,0.0,0.0,nan,0.18690737895110576
G,g14_h48,random_walk,calibration_state,310000,8,0.0012,0.0,0,0.0,0.0,1.0,0.0,0.925,14,1.0,0.45,,0.125,0.11692679333668567,0.36887346152271805,0.40135640631264424,0.25882570365247426,2.764186511997142,0.13479345310836266,1.1409431685580647,6.112860382310118e-05,0.0,0.0,0.0,nan,0.2536075916864028
G,g14_h48,random_walk,calibration_state,311000,8,0.0012,0.0,0,0.0,0.0,1.0,0.0,0.925,14,1.0,0.45,,0.25,0.15309310892394862,0.3027134741610855,0.3603647483342488,0.25587927279380246,2.411427203493206,0.13229179634174437,1.1217343110654114,3.637153669870583e-05,0.0,0.0,0.0,nan,0.18690737895110576
G,g14_h48,random_walk,oracle,310000,8,0.0012,0.0,0,0.0,0.0,1.0,0.0,0.925,14,1.0,0.45,,0.125,0.11692679333668567,0.37023239794355534,0.4003446762874173,0.2622673887753275,2.733528597416201,0.0,1.133126257237405,4.312323588157331e-05,0.0,0.0,0.0,nan,0.2536075916864028
G,g14_h48,random_walk,oracle,311000,8,0.0012,0.0,0,0.0,0.0,1.0,0.0,0.925,14,1.0,0.45,,0.25,0.15309310892394862,0.30320147901987493,0.36099806553133473,0.2570213327995352,2.4029127917464628,0.0,1.1555141366552557,3.385692105663471e-05,0.0,0.0,0.0,nan,0.18690737895110576
G,g14_h80,random_walk,nominal_offline,310000,8,0.0012,0.0,0,0.0,0.0,1.0,0.0,0.925,14,1.0,0.45,,0.25,0.15309310892394862,0.2438131649236964,0.5693226989678051,0.09667592303926487,4.5727565887678265,0.4481680971346509,1.0,8.32001984562444e-05,0.0,0.0,0.0,nan,0.3057653579389209
G,g14_h80,random_walk,nominal_offline,311000,8,0.0012,0.0,0,0.0,0.0,1.0,0.0,0.925,14,1.0,0.45,,0.375,0.1711632992203644,0.19421674491184673,0.5509184669537069,0.18566113577440585,4.103761809701607,0.31435499122891725,1.0,5.986424969897071e-05,0.0,0.0,0.0,nan,0.24570061296475806
G,g14_h80,random_walk,frozen_start_calibration,310000,8,0.0012,0.0,0,0.0,0.0,1.0,0.0,0.925,14,1.0,0.45,,0.375,0.1711632992203644,0.20483004278292027,0.555588209346139,0.09360647192383036,4.660337808261961,0.294569628847464,1.1097474417990947,6.721259319157426e-05,0.0,0.0,0.0,nan,0.3057653579389209
G,g14_h80,random_walk,frozen_start_calibration,311000,8,0.0012,0.0,0,0.0,0.0,1.0,0.0,0.925,14,1.0,0.45,,0.375,0.1711632992203644,0.17098087886884988,0.5337097762221665,0.18522060756641928,4.117948939161403,0.2355752152417428,1.1457811303820362,5.3309760620234075e-05,0.0,0.0,0.0,nan,0.24570061296475806
G,g14_h80,random_walk,windowed_sysid,310000,8,0.0012,0.0,0,0.0,0.0,1.0,0.0,0.925,14,1.0,0.45,,0.375,0.1711632992203644,0.20621589952427433,0.5493433610641099,0.08949651270531563,4.901791046651027,0.2547922417865448,1.7407244835153222,0.0001178038096987224,0.010937500000000001,0.0,0.0,nan,0.3057653579389209
G,g14_h80,random_walk,windowed_sysid,311000,8,0.0012,0.0,0,0.0,0.0,1.0,0.0,0.925,14,1.0,0.45,,0.375,0.1711632992203644,0.1393088369274989,0.5071087189569539,0.17321570170744965,4.407008948840215,0.32335078292621744,1.9360264514630252,0.00017775905838763668,0.0125,0.0,0.0,nan,0.24570061296475806
G,g14_h80,random_walk,calibration_state,310000,8,0.0012,0.0,0,0.0,0.0,1.0,0.0,0.925,14,1.0,0.45,,0.375,0.1711632992203644,0.21521617135126378,0.5562277610153443,0.0948627000202515,4.626781477096838,0.1637794800922418,1.2066396613372445,3.526552692235684e-05,0.0,0.0,0.0,nan,0.3057653579389209
G,g14_h80,random_walk,calibration_state,311000,8,0.0012,0.0,0,0.0,0.0,1.0,0.0,0.925,14,1.0,0.45,,0.375,0.1711632992203644,0.16144984964482026,0.5289242399291108,0.18484363060336095,4.152391654273609,0.10187001008444974,1.169455698825253,5.381843262329803e-05,0.0,0.0,0.0,nan,0.24570061296475806
G,g14_h80,random_walk,oracle,310000,8,0.0012,0.0,0,0.0,0.0,1.0,0.0,0.925,14,1.0,0.45,,0.375,0.1711632992203644,0.21825558874615514,0.5551895908132568,0.09557617307512133,4.5925971024145715,0.0,1.1722382768451922,3.1740400308980914e-05,0.0,0.0,0.0,nan,0.3057653579389209
G,g14_h80,random_walk,oracle,311000,8,0.0012,0.0,0,0.0,0.0,1.0,0.0,0.925,14,1.0,0.45,,0.375,0.1711632992203644,0.16665140442782814,0.5337408181848884,0.18576899118585016,4.131017371024248,0.0,1.1648481178966916,5.281066735923159e-05,0.0,0.0,0.0,nan,0.24570061296475806
G,g20_h48,random_walk,nominal_offline,310000,8,0.0012,0.0,0,0.0,0.0,1.0,0.0,0.925,14,1.0,0.45,,0.125,0.11692679333668567,0.25016587063993345,0.42953514095350526,0.2682884827878007,2.1379775959450904,0.3848233200856353,1.0,2.0270526295111107e-05,0.0,0.0,0.0,nan,0.2536075916864028
G,g20_h48,random_walk,nominal_offline,311000,8,0.0012,0.0,0,0.0,0.0,1.0,0.0,0.925,14,1.0,0.45,,0.375,0.1711632992203644,0.21230430819563467,0.39838740064460987,0.3444144995632058,1.8947529476892644,0.252152585095459,1.0,7.896660520563284e-06,0.0,0.0,0.0,nan,0.18690737895110576
G,g20_h48,random_walk,frozen_start_calibration,310000,8,0.0012,0.0,0,0.0,0.0,1.0,0.0,0.925,14,1.0,0.45,,0.375,0.1711632992203644,0.20759984788141117,0.4076806046348727,0.2643779304699364,2.139857023995055,0.2506345991729195,1.1097474417990947,9.379667710749179e-06,0.0,0.0,0.0,nan,0.2536075916864028
G,g20_h48,random_walk,frozen_start_calibration,311000,8,0.0012,0.0,0,0.0,0.0,1.0,0.0,0.925,14,1.0,0.45,,0.5,0.1767766952966369,0.19305677272441804,0.3884587144435071,0.3457304797495062,1.8991019230385615,0.16986151885688938,1.1457811303820362,3.7552134965894357e-06,0.0,0.0,0.0,nan,0.18690737895110576
G,g20_h48,random_walk,windowed_sysid,310000,8,0.0012,0.0,0,0.0,0.0,1.0,0.0,0.925,14,1.0,0.45,,0.5,0.1767766952966369,0.170505915647528,0.385502497602586,0.24023788819797975,2.374276321493425,0.3107422831899904,2.3746559398933305,0.00014541012975512044,0.018229166666666668,0.0,0.0,nan,0.2536075916864028
G,g20_h48,random_walk,windowed_sysid,311000,8,0.0012,0.0,0,0.0,0.0,1.0,0.0,0.925,14,1.0,0.45,,0.5,0.1767766952966369,0.15404188039422223,0.35934414657055763,0.301669804020513,2.1681269035972894,0.3555915869234788,3.302594904099177,0.00012263922956716775,0.015625,0.0,0.0,nan,0.18690737895110576
G,g20_h48,random_walk,calibration_state,310000,8,0.0012,0.0,0,0.0,0.0,1.0,0.0,0.925,14,1.0,0.45,,0.25,0.15309310892394862,0.20314042292835494,0.4067518006981701,0.26655097078861234,2.1367644259297114,0.14593252584346744,1.1437925793055976,9.983368399174728e-06,0.0,0.0,0.0,nan,0.2536075916864028
G,g20_h48,random_walk,calibration_state,311000,8,0.0012,0.0,0,0.0,0.0,1.0,0.0,0.925,14,1.0,0.45,,0.5,0.1767766952966369,0.1778285629938327,0.38336917603375364,0.34170537493453707,1.9152371962432992,0.15101613694795735,1.1207451411643958,4.187544615758259e-06,0.0,0.0,0.0,nan,0.18690737895110576
G,g20_h48,random_walk,oracle,310000,8,0.0012,0.0,0,0.0,0.0,1.0,0.0,0.925,14,1.0,0.45,,0.25,0.15309310892394862,0.20057236582151006,0.4051187639203493,0.26903448613009845,2.117412494591052,0.0,1.133126257237405,2.2344878510099993e-06,0.0,0.0,0.0,nan,0.2536075916864028
G,g20_h48,random_walk,oracle,311000,8,0.0012,0.0,0,0.0,0.0,1.0,0.0,0.925,14,1.0,0.45,,0.5,0.1767766952966369,0.1731089050992184,0.3827875991420241,0.3430777368988579,1.9076095690376913,0.0,1.1555141366552557,2.5088317094678334e-06,0.0,0.0,0.0,nan,0.18690737895110576
G,g20_h80,random_walk,nominal_offline,310000,8,0.0012,0.0,0,0.0,0.0,1.0,0.0,0.925,14,1.0,0.45,,0.875,0.11692679333668567,0.009953957924854937,0.08393563959574285,0.21607246024711727,3.345174205447262,0.4481680971346509,1.0,3.931405076334406e-05,0.0,0.0,0.0,nan,0.3057653579389209
G,g20_h80,random_walk,nominal_offline,311000,8,0.0012,0.0,0,0.0,0.0,1.0,0.0,0.925,14,1.0,0.45,,1.0,0.0,0.0030215436553492174,0.05838115890193542,0.21839219040102714,2.908416459168092,0.31435499122891725,1.0,1.720317222124672e-05,0.0,0.0,0.0,nan,0.24570061296475806
G,g20_h80,random_walk,frozen_start_calibration,310000,8,0.0012,0.0,0,0.0,0.0,1.0,0.0,0.925,14,1.0,0.45,,1.0,0.0,0.0020198786625197176,0.04518551569027622,0.22448214246193546,3.2508961711598046,0.294569628847464,1.1097474417990947,2.339156763726521e-05,0.0,0.0,0.0,nan,0.3057653579389209
G,g20_h80,random_walk,frozen_start_calibration,311000,8,0.0012,0.0,0,0.0,0.0,1.0,0.0,0.925,14,1.0,0.45,,1.0,0.0,0.000835326072781025,0.04396838044838307,0.21900183602511358,2.8590644424246254,0.2355752152417428,1.1457811303820362,9.19452579281715e-06,0.0,0.0,0.0,nan,0.24570061296475806
G,g20_h80,random_walk,windowed_sysid,310000,8,0.0012,0.0,0,0.0,0.0,1.0,0.0,0.925,14,1.0,0.45,,1.0,0.0,0.0019357949117265296,0.03192393600334442,0.2001333977481306,3.639104554874401,0.37478409380109823,2.602412050813043,9.812374117048394e-05,0.014062500000000002,0.0,0.0,nan,0.3057653579389209
G,g20_h80,random_walk,windowed_sysid,311000,8,0.0012,0.0,0,0.0,0.0,1.0,0.0,0.925,14,1.0,0.45,,1.0,0.0,0.0024788186367177205,0.03545216778198684,0.1857216622198714,3.314549957106073,0.41807989080288344,3.48914851881485,9.886202601701693e-05,0.0140625,0.0,0.0,nan,0.24570061296475806
G,g20_h80,random_walk,calibration_state,310000,8,0.0012,0.0,0,0.0,0.0,1.0,0.0,0.925,14,1.0,0.45,,1.0,0.0,0.0014613596253508555,0.030788992619944222,0.22786217377670487,3.2052730795277835,0.18472032019172313,1.2151382395564303,5.311281625257846e-06,0.0,0.0,0.0,nan,0.3057653579389209
G,g20_h80,random_walk,calibration_state,311000,8,0.0012,0.0,0,0.0,0.0,1.0,0.0,0.925,14,1.0,0.45,,1.0,0.0,0.0008186503292215813,0.03404088205911934,0.22012836582955145,2.846709983483148,0.1526239970855337,1.1989885816898598,3.093911171343439e-06,0.0,0.0,0.0,nan,0.24570061296475806
G,g20_h80,random_walk,oracle,310000,8,0.0012,0.0,0,0.0,0.0,1.0,0.0,0.925,14,1.0,0.45,,1.0,0.0,0.001486118322350338,0.03137356692434907,0.23025367718163947,3.1760201853149397,0.0,1.1722382768451922,1.684006712841454e-06,0.0,0.0,0.0,nan,0.3057653579389209
G,g20_h80,random_walk,oracle,311000,8,0.0012,0.0,0,0.0,0.0,1.0,0.0,0.925,14,1.0,0.45,,1.0,0.0,0.0008326084246306271,0.037096740345107314,0.22133416061981276,2.8277959476649084,0.0,1.1648481178966916,9.632936353469566e-07,0.0,0.0,0.0,nan,0.24570061296475806
G,g8_h48,abrupt_bump,nominal_offline,310000,8,0.0012,0.0,0,0.0,0.0,1.0,0.0,0.925,14,1.0,0.45,,0.375,0.1711632992203644,0.2698119707451848,0.46471517521131805,0.18059060154474252,3.061594265559819,0.943101636298642,1.0,0.0002138033913385899,0.0,2.0,0.513759534670021,8.125,0.9414905496254138
G,g8_h48,abrupt_bump,nominal_offline,311000,8,0.0012,0.0,0,0.0,0.0,1.0,0.0,0.925,14,1.0,0.45,,0.125,0.11692679333668567,0.234073429679177,0.40591489489418686,0.1635376884336039,3.1309764721327493,0.8138478503944164,1.0,0.00021548844365938284,0.0,2.0,0.5888920919078678,10.375,0.8812045351289522
G,g8_h48,abrupt_bump,frozen_start_calibration,310000,8,0.0012,0.0,0,0.0,0.0,1.0,0.0,0.925,14,1.0,0.45,,0.5,0.1767766952966369,0.27994058967870944,0.46467907897897986,0.17134590798387167,3.310548139519676,0.9423907876283684,1.157827005910621,0.0002839688114294235,0.0,2.0,0.5089409138019731,7.875,0.9414905496254138
G,g8_h48,abrupt_bump,frozen_start_calibration,311000,8,0.0012,0.0,0,0.0,0.0,1.0,0.0,0.925,14,1.0,0.45,,0.125,0.11692679333668567,0.2668141044166452,0.43352819246281676,0.1411669660354175,3.5737283698716715,0.8786845002834125,1.0760568996958624,0.000364942159467255,0.0,2.0,0.5979752444382209,10.375,0.8812045351289522
G,g8_h48,abrupt_bump,windowed_sysid,310000,8,0.0012,0.0,0,0.0,0.0,1.0,0.0,0.925,14,1.0,0.45,,0.25,0.15309310892394862,0.24353530386642602,0.4867449130890091,0.16527131378600096,3.596800223831104,0.3769464919692245,1.5962268990379083,0.0005500197881566724,0.028645833333333332,2.0,0.502018618564213,7.4375,0.9414905496254138
G,g8_h48,abrupt_bump,windowed_sysid,311000,8,0.0012,0.0,0,0.0,0.0,1.0,0.0,0.925,14,1.0,0.45,,0.625,0.1711632992203644,0.058859168755831276,0.3334316266082862,0.13432961469055332,4.023444240809308,0.2656428919355363,1.4245291430692126,0.0007631883489621068,0.052083333333333336,2.0,0.5517030053564517,8.5,0.8812045351289522
G,g8_h48,abrupt_bump,calibration_state,310000,8,0.0012,0.0,0,0.0,0.0,1.0,0.0,0.925,14,1.0,0.45,,0.25,0.15309310892394862,0.2615102075404272,0.4950883086960339,0.17027829482152196,3.489630798490908,0.48204311761381413,1.4172543032021707,0.000454725778408007,0.013020833333333332,2.0,0.5491652871937936,7.5625,0.9414905496254138
G,g8_h48,abrupt_bump,calibration_state,311000,8,0.0012,0.0,0,0.0,0.0,1.0,0.0,0.925,14,1.0,0.45,,0.5,0.1767766952966369,0.08094628209445087,0.34896819295119436,0.14235522010141377,3.859102047971477,0.3176395800599713,1.3923658834917725,0.0006025714263451409,0.03125,2.0,0.5656336707311455,9.1875,0.8812045351289522
G,g8_h48,abrupt_bump,oracle,310000,8,0.0012,0.0,0,0.0,0.0,1.0,0.0,0.925,14,1.0,0.45,,0.25,0.15309310892394862,0.23737875407846853,0.4645091176192381,0.18521564799988782,3.264365056339108,0.0,1.5530474522261843,0.0002163168163524381,0.03125,2.0,0.4801261258243452,6.75,0.9414905496254138
G,g8_h48,abrupt_bump,oracle,311000,8,0.0012,0.0,0,0.0,0.0,1.0,0.0,0.925,14,1.0,0.45,,0.625,0.1711632992203644,0.07176341647035044,0.3391838551447344,0.14105315446013839,3.92038954791951,0.0,1.4306158089648076,0.0005076405914723353,0.0390625,2.0,0.560910453602962,8.5625,0.8812045351289522
G,g8_h80,abrupt_bump,nominal_offline,310000,8,0.0012,0.0,0,0.0,0.0,1.0,0.0,0.925,14,1.0,0.45,,0.0,0.0,0.42487438790956367,0.5928428507539977,0.12757028475193222,5.222760749689197,1.1626098374635416,1.0,0.0002871357392265399,0.0,3.0,0.6060976224401156,13.104166666666668,1.1079865165717135
G,g8_h80,abrupt_bump,nominal_offline,311000,8,0.0012,0.0,0,0.0,0.0,1.0,0.0,0.925,14,1.0,0.45,,0.0,0.0,0.39922580041087896,0.503531061874751,0.16722057259305895,5.290274683291758,1.0988991781219561,1.0,0.0003050365893049443,0.0,3.0,0.6112769708722294,16.895833333333336,1.0594241870345948
G,g8_h80,abrupt_bump,frozen_start_calibration,310000,8,0.0012,0.0,0,0.0,0.0,1.0,0.0,0.925,14,1.0,0.45,,0.0,0.0,0.40559559694967473,0.5784495034200686,0.122041507639005,5.646538655117617,1.1137634425733263,1.157827005910621,0.00037148886357756396,0.0,3.0,0.4754782511356342,9.5,1.1079865165717135
G,g8_h80,abrupt_bump,frozen_start_calibration,311000,8,0.0012,0.0,0,0.0,0.0,1.0,0.0,0.925,14,1.0,0.45,,0.25,0.15309310892394862,0.3424600405439861,0.47841877814256745,0.148701221859999,5.990722533854331,1.0630786789802102,1.0760568996958624,0.0004707518235789818,0.0,3.0,0.44743796984473905,10.520833333333332,1.0594241870345948
G,g8_h80,abrupt_bump,windowed_sysid,310000,8,0.0012,0.0,0,0.0,0.0,1.0,0.0,0.925,14,1.0,0.45,,0.375,0.1711632992203644,0.22980912821512517,0.4990039419652898,0.11809404851725819,6.261586219751559,0.2684482507128306,1.7878600335440555,0.00047033990295984677,0.034375,3.0,0.46497688689497685,9.145833333333334,1.1079865165717135
G,g8_h80,abrupt_bump,windowed_sysid,311000,8,0.0012,0.0,0,0.0,0.0,1.0,0.0,0.925,14,1.0,0.45,,0.75,0.15309310892394862,0.05677730072966251,0.2982192272032461,0.12838734509474414,7.129506108805361,0.11179833752193236,1.654592129463748,0.0013181646632708156,0.0453125,3.0,0.39147867766498645,5.9375,1.0594241870345948
G,g8_h80,abrupt_bump,calibration_state,310000,8,0.0012,0.0,0,0.0,0.0,1.0,0.0,0.925,14,1.0,0.45,,0.25,0.15309310892394862,0.26908078417756964,0.5216294361131499,0.1195994566498838,6.157008740532499,0.34529530739998365,1.8735611489888686,0.0004606065872169618,0.0234375,3.0,0.4840311815450504,9.020833333333334,1.1079865165717135
G,g8_h80,abrupt_bump,calibration_state,311000,8,0.0012,0.0,0,0.0,0.0,1.0,0.0,0.925,14,1.0,0.45,,0.625,0.1711632992203644,0.06389177688045497,0.30660542795372336,0.13200633584685456,6.980895376600588,0.1771913620835832,1.5961388974021087,0.0012653528952658937,0.0328125,3.0,0.4582901786177528,10.041666666666666,1.0594241870345948
G,g8_h80,abrupt_bump,oracle,310000,8,0.0012,0.0,0,0.0,0.0,1.0,0.0,0.925,14,1.0,0.45,,0.375,0.1711632992203644,0.23456011097819793,0.4980914552930538,0.12868669019086834,5.855241335309435,0.0,1.8441311393925024,0.00032926520215627514,0.034375,3.0,0.46649454288590314,8.479166666666666,1.1079865165717135
G,g8_h80,abrupt_bump,oracle,311000,8,0.0012,0.0,0,0.0,0.0,1.0,0.0,0.925,14,1.0,0.45,,0.875,0.11692679333668567,0.052689649631993324,0.29392904022294286,0.13287101238845989,6.989769735171442,0.0,1.71110606274421,0.0010087175693489128,0.034375,3.0,0.39951546949527295,6.375,1.0594241870345948
G,g14_h48,abrupt_bump,nominal_offline,310000,8,0.0012,0.0,0,0.0,0.0,1.0,0.0,0.925,14,1.0,0.45,,0.25,0.15309310892394862,0.48700511451772066,0.46421302199222503,0.1592919324323897,2.9091380551361237,0.943101636298642,1.0,0.00015516490796008156,0.0,2.0,0.3455706869525411,5.4375,0.9414905496254138
G,g14_h48,abrupt_bump,nominal_offline,311000,8,0.0012,0.0,0,0.0,0.0,1.0,0.0,0.925,14,1.0,0.45,,0.0,0.0,0.49823670417582344,0.48110042833085803,0.20371458826347022,2.90632623955349,0.8138478503944164,1.0,0.00012030481450196333,0.0,2.0,0.5582335652737465,10.75,0.8812045351289522
G,g14_h48,abrupt_bump,frozen_start_calibration,310000,8,0.0012,0.0,0,0.0,0.0,1.0,0.0,0.925,14,1.0,0.45,,0.25,0.15309310892394862,0.4746772570907664,0.4667915654808882,0.15093276841153702,3.0361099601732695,0.9423907876283684,1.157827005910621,0.0002161151449295902,0.0,2.0,0.3290529583208487,4.8125,0.9414905496254138
G,g14_h48,abrupt_bump,frozen_start_calibration,311000,8,0.0012,0.0,0,0.0,0.0,1.0,0.0,0.925,14,1.0,0.45,,0.0,0.0,0.5088846447906468,0.5048919987487273,0.18054456235009195,3.2870672541366535,0.8786845002834125,1.0760568996958624,0.000220962696582428,0.0,2.0,0.46548199503513943,8.625,0.8812045351289522
G,g14_h48,abrupt_bump,windowed_sysid,310000,8,0.0012,0.0,0,0.0,0.0,1.0,0.0,0.925,14,1.0,0.45,,0.0,0.0,0.41695270118576394,0.4242082125347947,0.1603823311424209,2.938501931628479,0.5259639806005864,2.098214877781974,0.000194607143569799,0.010416666666666666,2.0,0.19791410778323848,2.5625,0.9414905496254138
G,g14_h48,abrupt_bump,windowed_sysid,311000,8,0.0012,0.0,0,0.0,0.0,1.0,0.0,0.925,14,1.0,0.45,,0.0,0.0,0.3054423379868192,0.3792553943710041,0.170910981288729,3.51840128958381,0.31319695647914125,63.65021315964041,0.00044096442435540413,0.033854166666666664,2.0,0.3507857187528092,5.125,0.8812045351289522
G,g14_h48,abrupt_bump,calibration_state,310000,8,0.0012,0.0,0,0.0,0.0,1.0,0.0,0.925,14,1.0,0.45,,0.0,0.0,0.41147609279485736,0.4312003328610772,0.16015781182450092,2.9139097602856925,0.6225475178405904,1.398806608918461,0.00017349785031371234,0.0026041666666666665,2.0,0.20080391497616876,2.8125,0.9414905496254138
G,g14_h48,abrupt_bump,calibration_state,311000,8,0.0012,0.0,0,0.0,0.0,1.0,0.0,0.925,14,1.0,0.45,,0.125,0.11692679333668567,0.3222385853977665,0.3942503879969695,0.17645204961846936,3.4208195486909663,0.3072959956176088,1.4228386395630812,0.0003070106396458011,0.015625,2.0,0.43416169536922034,6.5,0.8812045351289522
G,g14_h48,abrupt_bump,oracle,310000,8,0.0012,0.0,0,0.0,0.0,1.0,0.0,0.925,14,1.0,0.45,,0.0,0.0,0.4200018951129922,0.43347390646252726,0.1778510912994937,2.73516769422446,0.0,1.5530474522261843,4.225792346842344e-05,0.0,2.0,0.22750605167742435,3.0,0.9414905496254138
G,g14_h48,abrupt_bump,oracle,311000,8,0.0012,0.0,0,0.0,0.0,1.0,0.0,0.925,14,1.0,0.45,,0.0,0.0,0.33680409513672654,0.3839869294307854,0.18248370011418014,3.277679929516592,0.0,1.4306158089648076,0.00014985098465660374,0.0,2.0,0.3620056166909513,4.875,0.8812045351289522
G,g14_h80,abrupt_bump,nominal_offline,310000,8,0.0012,0.0,0,0.0,0.0,1.0,0.0,0.925,14,1.0,0.45,,0.25,0.15309310892394862,0.35453797605854565,0.6396229225241741,0.12346641936795898,4.811927996407676,1.1626098374635416,1.0,0.00017225565422645966,0.0,3.0,0.373829348986204,8.666666666666666,1.1079865165717135
G,g14_h80,abrupt_bump,nominal_offline,311000,8,0.0012,0.0,0,0.0,0.0,1.0,0.0,0.925,14,1.0,0.45,,0.125,0.11692679333668567,0.3971531461859351,0.5363557664629209,0.11651476149994874,4.943571008066992,1.0988991781219561,1.0,0.00015986646340013306,0.0,3.0,0.5432114050308017,16.083333333333332,1.0594241870345948
G,g14_h80,abrupt_bump,frozen_start_calibration,310000,8,0.0012,0.0,0,0.0,0.0,1.0,0.0,0.925,14,1.0,0.45,,0.25,0.15309310892394862,0.36557186700695177,0.6356221890166068,0.1187823716861316,5.129920992512199,1.1137634425733263,1.157827005910621,0.0002838591974997754,0.0,3.0,0.33257380547807763,6.604166666666666,1.1079865165717135
G,g14_h80,abrupt_bump,frozen_start_calibration,311000,8,0.0012,0.0,0,0.0,0.0,1.0,0.0,0.925,14,1.0,0.45,,0.25,0.15309310892394862,0.3820861907218044,0.5641535522846299,0.10098436904336097,5.619043375389847,1.0630786789802102,1.0760568996958624,0.00028399453516987546,0.0,3.0,0.44669124253418424,12.0,1.0594241870345948
G,g14_h80,abrupt_bump,windowed_sysid,310000,8,0.0012,0.0,0,0.0,0.0,1.0,0.0,0.925,14,1.0,0.45,,0.5,0.1767766952966369,0.1362977455327525,0.5019750240219977,0.12315356637498312,4.94944954437467,0.3751272752897651,2.1939374191800205,0.00026933664025310396,0.04375,3.0,0.21323811981353918,3.208333333333333,1.1079865165717135
G,g14_h80,abrupt_bump,windowed_sysid,311000,8,0.0012,0.0,0,0.0,0.0,1.0,0.0,0.925,14,1.0,0.45,,0.75,0.15309310892394862,0.042500698868380066,0.37823262673275837,0.09491317648172803,6.354979197395245,0.2025918308335134,1.8704701938486379,0.0006386351860408403,0.0734375,3.0,0.27539589270192055,4.625,1.0594241870345948
G,g14_h80,abrupt_bump,calibration_state,310000,8,0.0012,0.0,0,0.0,0.0,1.0,0.0,0.925,14,1.0,0.45,,0.375,0.1711632992203644,0.16628851414112342,0.5436040206039602,0.12723138421617866,4.9222826349043896,0.34978499977340477,1.9706538863464438,0.000286800985752647,0.021875,3.0,0.20219316689734462,2.916666666666667,1.1079865165717135
G,g14_h80,abrupt_bump,calibration_state,311000,8,0.0012,0.0,0,0.0,0.0,1.0,0.0,0.925,14,1.0,0.45,,0.625,0.1711632992203644,0.050796387013595186,0.39298880599413333,0.09883447784311403,6.2093901444062745,0.29815994614402724,1.6580578393459748,0.0003663943323808078,0.0453125,3.0,0.27652989560183316,4.208333333333334,1.0594241870345948
G,g14_h80,abrupt_bump,oracle,310000,8,0.0012,0.0,0,0.0,0.0,1.0,0.0,0.925,14,1.0,0.45,,0.5,0.1767766952966369,0.15314175553687848,0.5248135621620984,0.13469419969441676,4.628154001337433,0.0,1.8441311393925024,8.122397222995703e-05,0.03125,3.0,0.20439033140085983,3.0,1.1079865165717135
G,g14_h80,abrupt_bump,oracle,311000,8,0.0012,0.0,0,0.0,0.0,1.0,0.0,0.925,14,1.0,0.45,,0.5,0.1767766952966369,0.052039853925338005,0.3920514684079578,0.10027991302373786,6.034687398851247,0.0,1.71110606274421,0.0001927717734907539,0.0546875,3.0,0.2904934228972177,4.083333333333334,1.0594241870345948
G,g20_h48,abrupt_bump,nominal_offline,310000,8,0.0012,0.0,0,0.0,0.0,1.0,0.0,0.925,14,1.0,0.45,,0.125,0.11692679333668567,0.2832242828936658,0.41715916588281565,0.3298192183637858,2.321384956529516,0.943101636298642,1.0,6.873524223502064e-05,0.0,2.0,0.11622579552174925,1.75,0.9414905496254138
G,g20_h48,abrupt_bump,nominal_offline,311000,8,0.0012,0.0,0,0.0,0.0,1.0,0.0,0.925,14,1.0,0.45,,0.125,0.11692679333668567,0.4765539606348519,0.5625917818143146,0.40205510930574595,2.44804751799065,0.8138478503944164,1.0,7.138442651572632e-05,0.0,2.0,0.2285293442204453,3.5625,0.8812045351289522
G,g20_h48,abrupt_bump,frozen_start_calibration,310000,8,0.0012,0.0,0,0.0,0.0,1.0,0.0,0.925,14,1.0,0.45,,0.25,0.15309310892394862,0.30153106737168855,0.4270425158051939,0.31776585877982433,2.4001031811528573,0.9423907876283684,1.157827005910621,8.57747226070357e-05,0.0,2.0,0.10651991311273437,1.5625,0.9414905496254138
G,g20_h48,abrupt_bump,frozen_start_calibration,311000,8,0.0012,0.0,0,0.0,0.0,1.0,0.0,0.925,14,1.0,0.45,,0.125,0.11692679333668567,0.4864120739258707,0.5640918681067064,0.380252374356901,2.6278751613255027,0.8786845002834125,1.0760568996958624,0.00012776743976646365,0.0,2.0,0.20952630178790027,3.375,0.8812045351289522
G,g20_h48,abrupt_bump,windowed_sysid,310000,8,0.0012,0.0,0,0.0,0.0,1.0,0.0,0.925,14,1.0,0.45,,0.625,0.1711632992203644,0.1551239114982179,0.37061900862059316,0.3156079233848106,2.422659112617677,0.45801052692964755,3.2459891841807464,0.00017295484950723193,0.026041666666666664,2.0,0.022693180340908118,0.3125,0.9414905496254138
G,g20_h48,abrupt_bump,windowed_sysid,311000,8,0.0012,0.0,0,0.0,0.0,1.0,0.0,0.925,14,1.0,0.45,,0.125,0.11692679333668567,0.23338588896043755,0.44791664266034115,0.35371516487328275,2.8469223534924284,0.38472811479275043,64.50875815924165,0.0002579281438457975,0.03125,2.0,0.05800557478657411,0.6875,0.8812045351289522
G,g20_h48,abrupt_bump,calibration_state,310000,8,0.0012,0.0,0,0.0,0.0,1.0,0.0,0.925,14,1.0,0.45,,0.5,0.1767766952966369,0.18789713666905694,0.3949015408350555,0.33576459773734646,2.2841032636406675,0.7245064175344403,1.353172485943778,8.150370888309889e-05,0.0078125,2.0,0.035126338966358105,0.375,0.9414905496254138
G,g20_h48,abrupt_bump,calibration_state,311000,8,0.0012,0.0,0,0.0,0.0,1.0,0.0,0.925,14,1.0,0.45,,0.125,0.11692679333668567,0.2530856496605164,0.46442526428276987,0.38749684170954823,2.6395500902374884,0.3929525813702962,1.4246461504245698,0.00018782065203534732,0.0078125,2.0,0.07771612428443475,1.1875,0.8812045351289522
G,g20_h48,abrupt_bump,oracle,310000,8,0.0012,0.0,0,0.0,0.0,1.0,0.0,0.925,14,1.0,0.45,,0.5,0.1767766952966369,0.18762125496381907,0.38550545801083913,0.36207729234707775,2.145327713990932,0.0,1.5530474522261843,1.0711095983050268e-06,0.0,2.0,0.02731237590268546,0.25,0.9414905496254138
G,g20_h48,abrupt_bump,oracle,311000,8,0.0012,0.0,0,0.0,0.0,1.0,0.0,0.925,14,1.0,0.45,,0.125,0.11692679333668567,0.24699539248696045,0.4603749105606051,0.3996104760883223,2.5087778944323835,0.0,1.4306158089648076,1.5619743049006826e-05,0.0,2.0,0.06831359775457031,0.75,0.8812045351289522
G,g20_h80,abrupt_bump,nominal_offline,310000,8,0.0012,0.0,0,0.0,0.0,1.0,0.0,0.925,14,1.0,0.45,,0.5,0.1767766952966369,0.1718654227152786,0.2695577627282929,0.1209345716251639,3.910810650448222,1.1626098374635416,1.0,0.00011670536617873543,0.0,3.0,0.13699784491167333,3.3125,1.1079865165717135
G,g20_h80,abrupt_bump,nominal_offline,311000,8,0.0012,0.0,0,0.0,0.0,1.0,0.0,0.925,14,1.0,0.45,,0.25,0.15309310892394862,0.2273868729169342,0.36902347024729304,0.14546827174336469,4.443155157851023,1.0988991781219561,1.0,0.0001416099570076236,0.0,3.0,0.305887840457959,7.812500000000001,1.0594241870345948
G,g20_h80,abrupt_bump,frozen_start_calibration,310000,8,0.0012,0.0,0,0.0,0.0,1.0,0.0,0.925,14,1.0,0.45,,0.625,0.1711632992203644,0.1426959265480936,0.2529357284158997,0.11466578681639066,4.078395642398857,1.1137634425733263,1.157827005910621,0.00016832024315021645,0.0,3.0,0.1350431088387429,3.083333333333333,1.1079865165717135
G,g20_h80,abrupt_bump,frozen_start_calibration,311000,8,0.0012,0.0,0,0.0,0.0,1.0,0.0,0.925,14,1.0,0.45,,0.5,0.1767766952966369,0.2554525595151519,0.3651269323283641,0.13599316980172532,4.698977242109348,1.0630786789802102,1.0760568996958624,0.00018918958769460395,0.0,3.0,0.27322100814398376,5.5625,1.0594241870345948
G,g20_h80,abrupt_bump,windowed_sysid,310000,8,0.0012,0.0,0,0.0,0.0,1.0,0.0,0.925,14,1.0,0.45,,1.0,0.0,0.0018533549874316859,0.05547216434710989,0.12344391077611006,3.904559930845121,0.42064112390622865,5.522771946047992,0.00019075011633441349,0.028125,3.0,0.03235293547381446,0.4166666666666667,1.1079865165717135
G,g20_h80,abrupt_bump,windowed_sysid,311000,8,0.0012,0.0,0,0.0,0.0,1.0,0.0,0.925,14,1.0,0.45,,1.0,0.0,0.004887413745624099,0.027500936188239025,0.1384493474462724,4.64322030585673,0.32352727647240576,2.2646280938897276,0.0002849512029677061,0.04062500000000001,3.0,0.05490679522551717,0.6666666666666666,1.0594241870345948
G,g20_h80,abrupt_bump,calibration_state,310000,8,0.0012,0.0,0,0.0,0.0,1.0,0.0,0.925,14,1.0,0.45,,1.0,0.0,0.0021611316272493546,0.03737480491259207,0.13911085400959255,3.5499244007523876,0.5725843107443128,2.328945890657004,9.57728638238828e-05,0.0078125,3.0,0.040014208055250584,0.41666666666666663,1.1079865165717135
G,g20_h80,abrupt_bump,calibration_state,311000,8,0.0012,0.0,0,0.0,0.0,1.0,0.0,0.925,14,1.0,0.45,,1.0,0.0,0.0019325030284804703,0.028510875767654063,0.15101319815124778,4.308275511716049,0.3675625496572295,1.8161230371011188,0.0002201346236874396,0.025,3.0,0.07210951683266435,1.0416666666666667,1.0594241870345948
G,g20_h80,abrupt_bump,oracle,310000,8,0.0012,0.0,0,0.0,0.0,1.0,0.0,0.925,14,1.0,0.45,,1.0,0.0,0.00155760674778175,0.05257798526720273,0.1507756924811663,3.3422431406438884,0.0,1.8441311393925024,2.062277806889258e-06,0.0140625,3.0,0.038827653592989994,0.375,1.1079865165717135
G,g20_h80,abrupt_bump,oracle,311000,8,0.0012,0.0,0,0.0,0.0,1.0,0.0,0.925,14,1.0,0.45,,1.0,0.0,0.001655783897322416,0.025079744142978467,0.15942670123631608,4.089643620729422,0.0,1.71110606274421,9.918389194550618e-06,0.015625,3.0,0.0646650849323307,0.7083333333333333,1.0594241870345948
G,g8_h48,severe_random_walk,nominal_offline,310000,8,0.0012,0.0,0,0.0,0.0,1.0,0.0,0.925,14,1.0,0.45,,0.375,0.1711632992203644,0.13651111855440473,0.3630745038806073,0.20148191377357846,3.138249583279265,0.6918320247142666,1.0,0.00023161155512734172,0.0,0.0,0.0,nan,0.37188134881499907
G,g8_h48,severe_random_walk,nominal_offline,311000,8,0.0012,0.0,0,0.0,0.0,1.0,0.0,0.925,14,1.0,0.45,,0.125,0.11692679333668567,0.3374997141988873,0.5365751810647258,0.180357405673752,3.151354985212912,0.5588601609049455,1.0,0.00022467447375530073,0.0,0.0,0.0,nan,0.401837939486035
G,g8_h48,severe_random_walk,frozen_start_calibration,310000,8,0.0012,0.0,0,0.0,0.0,1.0,0.0,0.925,14,1.0,0.45,,0.5,0.1767766952966369,0.10297788139262776,0.32979973423652775,0.19189686251560045,3.5256237816263285,0.34661678573635657,1.3668290966826473,0.00039913202301731956,0.0,0.0,0.0,nan,0.37188134881499907
G,g8_h48,severe_random_walk,frozen_start_calibration,311000,8,0.0012,0.0,0,0.0,0.0,1.0,0.0,0.925,14,1.0,0.45,,0.125,0.11692679333668567,0.2887073707328222,0.527101656539603,0.15826674991623577,3.5772329988043094,0.3927803089943903,1.1830057124140674,0.0004191813118834261,0.0,0.0,0.0,nan,0.401837939486035
G,g8_h48,severe_random_walk,windowed_sysid,310000,8,0.0012,0.0,0,0.0,0.0,1.0,0.0,0.925,14,1.0,0.45,,0.625,0.1711632992203644,0.06448042136695858,0.3140240054154845,0.1839705511489167,3.6634241218306487,0.25987209024090785,1.6701446533635629,0.0005724510446831138,0.015624999999999998,0.0,0.0,nan,0.37188134881499907
G,g8_h48,severe_random_walk,windowed_sysid,311000,8,0.0012,0.0,0,0.0,0.0,1.0,0.0,0.925,14,1.0,0.45,,0.125,0.11692679333668567,0.2568960521647401,0.5106832045791914,0.1504189676395115,3.7161235868098066,0.23897931280385287,1.3178058342595507,0.0005495324860495354,0.0078125,0.0,0.0,nan,0.401837939486035
G,g8_h48,severe_random_walk,calibration_state,310000,8,0.0012,0.0,0,0.0,0.0,1.0,0.0,0.925,14,1.0,0.45,,0.625,0.1711632992203644,0.06465204706778363,0.31637102705828524,0.19117553711474272,3.503419785599757,0.157409962692412,1.2933265796941682,0.0004117067800709904,0.0,0.0,0.0,nan,0.37188134881499907
G,g8_h48,severe_random_walk,calibration_state,311000,8,0.0012,0.0,0,0.0,0.0,1.0,0.0,0.925,14,1.0,0.45,,0.125,0.11692679333668567,0.27506421116286783,0.5208523281425192,0.15677981968147037,3.5621019626772594,0.18648974666957668,1.2433229182835832,0.0003771324708960104,0.0,0.0,0.0,nan,0.401837939486035
G,g8_h48,severe_random_walk,oracle,310000,8,0.0012,0.0,0,0.0,0.0,1.0,0.0,0.925,14,1.0,0.45,,0.625,0.1711632992203644,0.06499192932377935,0.3238273737279386,0.19556749415913596,3.520689973430022,0.0,1.3430566556179147,0.00039904631228472365,0.0,0.0,0.0,nan,0.37188134881499907
G,g8_h48,severe_random_walk,oracle,311000,8,0.0012,0.0,0,0.0,0.0,1.0,0.0,0.925,14,1.0,0.45,,0.125,0.11692679333668567,0.27631349315134607,0.5208526947468131,0.1575006535657713,3.5572428832671092,0.0,1.2187978733429854,0.00042635501674182717,0.0,0.0,0.0,nan,0.401837939486035
G,g8_h80,severe_random_walk,nominal_offline,310000,8,0.0012,0.0,0,0.0,0.0,1.0,0.0,0.925,14,1.0,0.45,,0.25,0.15309310892394862,0.2707185544979642,0.4642368856627679,0.10369191677584016,5.293953428485455,0.7766339919746025,1.0,0.000252739462166212,0.0,0.0,0.0,nan,0.5500558420409585
G,g8_h80,severe_random_walk,nominal_offline,311000,8,0.0012,0.0,0,0.0,0.0,1.0,0.0,0.925,14,1.0,0.45,,0.125,0.11692679333668567,0.40685697483776356,0.6062254567622565,0.15212395545208587,5.237751918032784,0.6324336538069422,1.0,0.00025956236924878115,0.0,0.0,0.0,nan,0.550888445899808
G,g8_h80,severe_random_walk,frozen_start_calibration,310000,8,0.0012,0.0,0,0.0,0.0,1.0,0.0,0.925,14,1.0,0.45,,0.125,0.11692679333668567,0.19232374874364588,0.436408002909475,0.08929664780200292,5.959030372684987,0.5057503599779347,1.3668290966826473,0.0004082067681604276,0.0,0.0,0.0,nan,0.5500558420409585
G,g8_h80,severe_random_walk,frozen_start_calibration,311000,8,0.0012,0.0,0,0.0,0.0,1.0,0.0,0.925,14,1.0,0.45,,0.125,0.11692679333668567,0.3549565011082821,0.5815407924854799,0.14167620877332465,5.880147217924015,0.5043578318013824,1.1830057124140674,0.00042308995851281586,0.0,0.0,0.0,nan,0.550888445899808
G,g8_h80,severe_random_walk,windowed_sysid,310000,8,0.0012,0.0,0,0.0,0.0,1.0,0.0,0.925,14,1.0,0.45,,0.375,0.1711632992203644,0.0973067766029112,0.39174071283607437,0.08837595552907246,6.138016766145416,0.23816043126456565,1.4907263567988864,0.000535450571473339,0.014062500000000002,0.0,0.0,nan,0.5500558420409585
G,g8_h80,severe_random_walk,windowed_sysid,311000,8,0.0012,0.0,0,0.0,0.0,1.0,0.0,0.925,14,1.0,0.45,,0.125,0.11692679333668567,0.2882429383872156,0.5553736312434372,0.13506714418672702,6.214778120593079,0.2053460710059084,1.353871398257958,0.0005981687473477738,0.0109375,0.0,0.0,nan,0.550888445899808
G,g8_h80,severe_random_walk,calibration_state,310000,8,0.0012,0.0,0,0.0,0.0,1.0,0.0,0.925,14,1.0,0.45,,0.25,0.15309310892394862,0.13813261066558194,0.41822871285929397,0.09208339526322877,5.872458236180751,0.22253688809760325,1.3610894856932636,0.0003958981338720828,0.003125,0.0,0.0,nan,0.5500558420409585
G,g8_h80,severe_random_walk,calibration_state,311000,8,0.0012,0.0,0,0.0,0.0,1.0,0.0,0.925,14,1.0,0.45,,0.125,0.11692679333668567,0.3104827000430324,0.5668495336296019,0.1401813845456893,5.95584005909229,0.1811619273691816,1.2652671363885983,0.0004203398889161689,0.0,0.0,0.0,nan,0.550888445899808
G,g8_h80,severe_random_walk,oracle,310000,8,0.0012,0.0,0,0.0,0.0,1.0,0.0,0.925,14,1.0,0.45,,0.25,0.15309310892394862,0.1257784151001335,0.4102975337491307,0.09218130345956406,5.89313334884452,0.0,1.3803610486411388,0.0003755163307020225,0.00625,0.0,0.0,nan,0.5500558420409585
G,g8_h80,severe_random_walk,oracle,311000,8,0.0012,0.0,0,0.0,0.0,1.0,0.0,0.925,14,1.0,0.45,,0.0,0.0,0.3131569293910438,0.5672300563222148,0.1418197838288262,5.976992342588031,0.0,1.34197416038882,0.00044689037613718935,0.0,0.0,0.0,nan,0.550888445899808
G,g14_h48,severe_random_walk,nominal_offline,310000,8,0.0012,0.0,0,0.0,0.0,1.0,0.0,0.925,14,1.0,0.45,,0.125,0.11692679333668567,0.2935854916406485,0.370513372377646,0.278975851458799,2.8245897942430034,0.6918320247142666,1.0,0.00017557488229045056,0.0,0.0,0.0,nan,0.37188134881499907
G,g14_h48,severe_random_walk,nominal_offline,311000,8,0.0012,0.0,0,0.0,0.0,1.0,0.0,0.925,14,1.0,0.45,,0.25,0.15309310892394862,0.29522399249709486,0.3491632265120335,0.1954235725025587,2.6977584813989077,0.5588601609049455,1.0,0.00010561663221141706,0.0,0.0,0.0,nan,0.401837939486035
G,g14_h48,severe_random_walk,frozen_start_calibration,310000,8,0.0012,0.0,0,0.0,0.0,1.0,0.0,0.925,14,1.0,0.45,,0.25,0.15309310892394862,0.233548262362019,0.3257775606328206,0.2678379385972655,3.008756845197875,0.34661678573635657,1.3668290966826473,0.0001553892594126064,0.0,0.0,0.0,nan,0.37188134881499907
G,g14_h48,severe_random_walk,frozen_start_calibration,311000,8,0.0012,0.0,0,0.0,0.0,1.0,0.0,0.925,14,1.0,0.45,,0.125,0.11692679333668567,0.24275117583537448,0.32427934945209685,0.1867201297840822,2.7875106842276125,0.3927803089943903,1.1830057124140674,0.00012852732012324852,0.0,0.0,0.0,nan,0.401837939486035
G,g14_h48,severe_random_walk,windowed_sysid,310000,8,0.0012,0.0,0,0.0,0.0,1.0,0.0,0.925,14,1.0,0.45,,0.25,0.15309310892394862,0.20621095521230792,0.3133562097910437,0.25273741651604575,3.1480618171652166,0.35551148675909006,1.760925280511485,0.00033446554371526036,0.026041666666666664,0.0,0.0,nan,0.37188134881499907
G,g14_h48,severe_random_walk,windowed_sysid,311000,8,0.0012,0.0,0,0.0,0.0,1.0,0.0,0.925,14,1.0,0.45,,0.25,0.15309310892394862,0.2122133116933502,0.29884451311773186,0.17712373972458145,2.934626678096415,0.33277260973703515,1.7794429024907275,0.00026500209670504607,0.015625,0.0,0.0,nan,0.401837939486035
G,g14_h48,severe_random_walk,calibration_state,310000,8,0.0012,0.0,0,0.0,0.0,1.0,0.0,0.925,14,1.0,0.45,,0.0,0.0,0.22745579493764428,0.32576770925725385,0.26806526062684133,2.9946294244839753,0.18630265564380694,1.3077557574556788,0.00019433058332484816,0.0,0.0,0.0,nan,0.37188134881499907
G,g14_h48,severe_random_walk,calibration_state,311000,8,0.0012,0.0,0,0.0,0.0,1.0,0.0,0.925,14,1.0,0.45,,0.25,0.15309310892394862,0.2163269075195697,0.3099983958466134,0.18960830869801865,2.757777055965354,0.2315618842498631,1.2511417075088866,0.00011649648703932935,0.0,0.0,0.0,nan,0.401837939486035
G,g14_h48,severe_random_walk,oracle,310000,8,0.0012,0.0,0,0.0,0.0,1.0,0.0,0.925,14,1.0,0.45,,0.125,0.11692679333668567,0.23289667015555032,0.3258326429237622,0.2756516936759571,2.9338935865986895,0.0,1.3430566556179147,0.00011541026453148735,0.0,0.0,0.0,nan,0.37188134881499907
G,g14_h48,severe_random_walk,oracle,311000,8,0.0012,0.0,0,0.0,0.0,1.0,0.0,0.925,14,1.0,0.45,,0.25,0.15309310892394862,0.2280158859055589,0.31597845049321704,0.18914919167680916,2.763315030383995,0.0,1.2187978733429854,0.00011895366315905581,0.0,0.0,0.0,nan,0.401837939486035
G,g14_h80,severe_random_walk,nominal_offline,310000,8,0.0012,0.0,0,0.0,0.0,1.0,0.0,0.925,14,1.0,0.45,,0.25,0.15309310892394862,0.24200974764858663,0.49383588477255336,0.1394145200192195,4.62335187247927,0.7766339919746025,1.0,0.00016738403944571755,0.0,0.0,0.0,nan,0.5500558420409585
G,g14_h80,severe_random_walk,nominal_offline,311000,8,0.0012,0.0,0,0.0,0.0,1.0,0.0,0.925,14,1.0,0.45,,0.125,0.11692679333668567,0.32206909848330334,0.6382957838129779,0.13078637040288735,4.484635535385252,0.6324336538069422,1.0,0.00011023104202536344,0.0,0.0,0.0,nan,0.550888445899808
G,g14_h80,severe_random_walk,frozen_start_calibration,310000,8,0.0012,0.0,0,0.0,0.0,1.0,0.0,0.925,14,1.0,0.45,,0.25,0.15309310892394862,0.15368720847417583,0.44326272131339833,0.14506284924992596,4.806822010104278,0.5057503599779347,1.3668290966826473,0.00015651431265503312,0.0,0.0,0.0,nan,0.5500558420409585
G,g14_h80,severe_random_walk,frozen_start_calibration,311000,8,0.0012,0.0,0,0.0,0.0,1.0,0.0,0.925,14,1.0,0.45,,0.125,0.11692679333668567,0.2718584901027362,0.6230409243964727,0.12549073972706087,4.717511815782572,0.5043578318013824,1.1830057124140674,0.00012772086328127587,0.0,0.0,0.0,nan,0.550888445899808
G,g14_h80,severe_random_walk,windowed_sysid,310000,8,0.0012,0.0,0,0.0,0.0,1.0,0.0,0.925,14,1.0,0.45,,0.625,0.1711632992203644,0.05339354856865478,0.40268479588901035,0.1387029214348306,5.117032408634111,0.35244976371297326,1.6625785067039578,0.00029257952991852806,0.0234375,0.0,0.0,nan,0.5500558420409585
G,g14_h80,severe_random_walk,windowed_sysid,311000,8,0.0012,0.0,0,0.0,0.0,1.0,0.0,0.925,14,1.0,0.45,,0.375,0.1711632992203644,0.20086847870164212,0.5803493975197993,0.11807777255648444,4.9321508373499725,0.33920241637280424,1.6579649346226026,0.0001764297950143951,0.0140625,0.0,0.0,nan,0.550888445899808
G,g14_h80,severe_random_walk,calibration_state,310000,8,0.0012,0.0,0,0.0,0.0,1.0,0.0,0.925,14,1.0,0.45,,0.5,0.1767766952966369,0.07055655019971399,0.42077081591175847,0.14627511491297135,4.887361192681835,0.26426473411494195,1.3933091267564812,0.0001166890832688144,0.003125,0.0,0.0,nan,0.5500558420409585
G,g14_h80,severe_random_walk,calibration_state,311000,8,0.0012,0.0,0,0.0,0.0,1.0,0.0,0.925,14,1.0,0.45,,0.375,0.1711632992203644,0.23066011633367997,0.6082210575083188,0.12677976663361473,4.634426018512848,0.22212795089729473,1.3290068986408685,8.231855119077692e-05,0.0,0.0,0.0,nan,0.550888445899808
G,g14_h80,severe_random_walk,oracle,310000,8,0.0012,0.0,0,0.0,0.0,1.0,0.0,0.925,14,1.0,0.45,,0.5,0.1767766952966369,0.05902796596074916,0.41097129878092653,0.1506724312781612,4.792520084332384,0.0,1.3803610486411388,0.00010102258614827294,0.0140625,0.0,0.0,nan,0.5500558420409585
G,g14_h80,severe_random_walk,oracle,311000,8,0.0012,0.0,0,0.0,0.0,1.0,0.0,0.925,14,1.0,0.45,,0.375,0.1711632992203644,0.21650179669764347,0.6006347306132837,0.12698345141793196,4.658030504946343,0.0,1.34197416038882,6.07275831735618e-05,0.0,0.0,0.0,nan,0.550888445899808
G,g20_h48,severe_random_walk,nominal_offline,310000,8,0.0012,0.0,0,0.0,0.0,1.0,0.0,0.925,14,1.0,0.45,,0.5,0.1767766952966369,0.29696553809953125,0.4467328264831567,0.29777291821099805,2.545702629550594,0.6918320247142666,1.0,9.697003541873139e-05,0.0,0.0,0.0,nan,0.37188134881499907
G,g20_h48,severe_random_walk,nominal_offline,311000,8,0.0012,0.0,0,0.0,0.0,1.0,0.0,0.925,14,1.0,0.45,,0.25,0.15309310892394862,0.23891379962128909,0.3978934015656284,0.30491121602468,2.200244661025716,0.5588601609049455,1.0,4.8666565433520594e-05,0.0,0.0,0.0,nan,0.401837939486035
G,g20_h48,severe_random_walk,frozen_start_calibration,310000,8,0.0012,0.0,0,0.0,0.0,1.0,0.0,0.925,14,1.0,0.45,,0.625,0.1711632992203644,0.16634886263122664,0.3523299343060273,0.3167840622142579,2.5257016357032325,0.34661678573635657,1.3668290966826473,5.147730537159622e-05,0.0,0.0,0.0,nan,0.37188134881499907
G,g20_h48,severe_random_walk,frozen_start_calibration,311000,8,0.0012,0.0,0,0.0,0.0,1.0,0.0,0.925,14,1.0,0.45,,0.5,0.1767766952966369,0.18027975234419716,0.36843817709478605,0.308552446265943,2.2748543385684243,0.3927803089943903,1.1830057124140674,3.6917863969936825e-05,0.0,0.0,0.0,nan,0.401837939486035
G,g20_h48,severe_random_walk,windowed_sysid,310000,8,0.0012,0.0,0,0.0,0.0,1.0,0.0,0.925,14,1.0,0.45,,0.625,0.1711632992203644,0.14403071138386336,0.3292087189090941,0.27916135885008453,2.7220590263538704,0.27380227391478973,2.8847223215921804,0.00022903784993851716,0.03125,0.0,0.0,nan,0.37188134881499907
G,g20_h48,severe_random_walk,windowed_sysid,311000,8,0.0012,0.0,0,0.0,0.0,1.0,0.0,0.925,14,1.0,0.45,,0.625,0.1711632992203644,0.14225966605708837,0.34261838238094144,0.2767635280833747,2.499703983394981,0.30158345182121193,1.9585245753419431,0.00020146768678756664,0.020833333333333332,0.0,0.0,nan,0.401837939486035
G,g20_h48,severe_random_walk,calibration_state,310000,8,0.0012,0.0,0,0.0,0.0,1.0,0.0,0.925,14,1.0,0.45,,0.625,0.1711632992203644,0.15301302882781193,0.3394628530488788,0.3157898364656632,2.511978298355287,0.18984468952909633,1.3249852627473153,5.7632652289435905e-05,0.0,0.0,0.0,nan,0.37188134881499907
G,g20_h48,severe_random_walk,calibration_state,311000,8,0.0012,0.0,0,0.0,0.0,1.0,0.0,0.925,14,1.0,0.45,,0.5,0.1767766952966369,0.1578160147437585,0.36088224481067227,0.3121928418825536,2.246381594355923,0.2402230569792421,1.2596409597836686,3.2045096480022473e-05,0.0,0.0,0.0,nan,0.401837939486035
G,g20_h48,severe_random_walk,oracle,310000,8,0.0012,0.0,0,0.0,0.0,1.0,0.0,0.925,14,1.0,0.45,,0.625,0.1711632992203644,0.1542978225947076,0.347030995511743,0.3274532882087414,2.4287168033751025,0.0,1.3430566556179147,1.5777388854756312e-05,0.0,0.0,0.0,nan,0.37188134881499907
G,g20_h48,severe_random_walk,oracle,311000,8,0.0012,0.0,0,0.0,0.0,1.0,0.0,0.925,14,1.0,0.45,,0.5,0.1767766952966369,0.15826972221252078,0.3595694919608766,0.31825908856891155,2.2186157514547746,0.0,1.2187978733429854,1.436920160132209e-05,0.0,0.0,0.0,nan,0.401837939486035
G,g20_h80,severe_random_walk,nominal_offline,310000,8,0.0012,0.0,0,0.0,0.0,1.0,0.0,0.925,14,1.0,0.45,,0.875,0.11692679333668567,0.09129099565784032,0.1349259594980869,0.21191125011367307,3.8066197230630663,0.7766339919746025,1.0,9.737383945775536e-05,0.0,0.0,0.0,nan,0.5500558420409585
G,g20_h80,severe_random_walk,nominal_offline,311000,8,0.0012,0.0,0,0.0,0.0,1.0,0.0,0.925,14,1.0,0.45,,1.0,0.0,0.00189950516401015,0.056890560490599734,0.15553797515327186,3.4043859890894206,0.6324336538069422,1.0,5.0836647730992465e-05,0.0,0.0,0.0,nan,0.550888445899808
G,g20_h80,severe_random_walk,frozen_start_calibration,310000,8,0.0012,0.0,0,0.0,0.0,1.0,0.0,0.925,14,1.0,0.45,,1.0,0.0,0.005129821825956101,0.04322620340483438,0.23248968500292916,3.5900678356135027,0.5057503599779347,1.3668290966826473,5.582730285846981e-05,0.0,0.0,0.0,nan,0.5500558420409585
G,g20_h80,severe_random_walk,frozen_start_calibration,311000,8,0.0012,0.0,0,0.0,0.0,1.0,0.0,0.925,14,1.0,0.45,,1.0,0.0,0.0016813817776349799,0.016755152916461426,0.1554401263584997,3.3893448241188118,0.5043578318013824,1.1830057124140674,5.842434601929591e-05,0.0,0.0,0.0,nan,0.550888445899808
G,g20_h80,severe_random_walk,windowed_sysid,310000,8,0.0012,0.0,0,0.0,0.0,1.0,0.0,0.925,14,1.0,0.45,,1.0,0.0,0.00874133679939661,0.036538080549054955,0.20256766984655225,3.946853103064992,0.5119107390501179,3.2450451382577583,0.00010295724833804969,0.026562500000000003,0.0,0.0,nan,0.5500558420409585
G,g20_h80,severe_random_walk,windowed_sysid,311000,8,0.0012,0.0,0,0.0,0.0,1.0,0.0,0.925,14,1.0,0.45,,1.0,0.0,0.004876151632024475,0.009841372446828128,0.14091357194881393,3.705422163582456,0.44236774082083385,2.408193996934393,0.00011128588034147455,0.0171875,0.0,0.0,nan,0.550888445899808
G,g20_h80,severe_random_walk,calibration_state,310000,8,0.0012,0.0,0,0.0,0.0,1.0,0.0,0.925,14,1.0,0.45,,1.0,0.0,0.0016448122185337111,0.033637909605076184,0.23578460764234754,3.509110564566549,0.36856579977253834,1.3760618336127295,2.3796079360923886e-05,0.0,0.0,0.0,nan,0.5500558420409585
G,g20_h80,severe_random_walk,calibration_state,311000,8,0.0012,0.0,0,0.0,0.0,1.0,0.0,0.925,14,1.0,0.45,,1.0,0.0,0.0018734266873871813,0.007377983018281869,0.16123194195049437,3.2510254604445894,0.2549046213357967,1.2566710265036565,1.2707344711106304e-05,0.0,0.0,0.0,nan,0.550888445899808
G,g20_h80,severe_random_walk,oracle,310000,8,0.0012,0.0,0,0.0,0.0,1.0,0.0,0.925,14,1.0,0.45,,1.0,0.0,0.001468245299503263,0.036526541954225555,0.24260246164587662,3.4074559100543547,0.0,1.3803610486411388,1.7916546283907493e-05,0.0,0.0,0.0,nan,0.5500558420409585
G,g20_h80,severe_random_walk,oracle,311000,8,0.0012,0.0,0,0.0,0.0,1.0,0.0,0.925,14,1.0,0.45,,1.0,0.0,0.0016338422616052168,0.008474676957741487,0.1636573750421761,3.206126276602962,0.0,1.34197416038882,4.8503042418417004e-06,0.0,0.0,0.0,nan,0.550888445899808
G,g8_h48,sinusoidal,nominal_offline,310000,8,0.0012,0.0,0,0.0,0.0,1.0,0.0,0.925,14,1.0,0.45,,0.125,0.11692679333668567,0.4549397789475826,0.635186047170746,0.22446927841964187,3.12273740750742,0.39258064336665377,1.0,0.00020136012119156772,0.0,0.0,0.0,nan,0.39585389457726355
G,g8_h48,sinusoidal,nominal_offline,311000,8,0.0012,0.0,0,0.0,0.0,1.0,0.0,0.925,14,1.0,0.45,,0.25,0.15309310892394862,0.2174561708365535,0.42849882610240286,0.21030789014371692,3.178911371383261,0.4452559464936586,1.0,0.00023539387221818735,0.0,0.0,0.0,nan,0.3720034614792985
G,g8_h48,sinusoidal,frozen_start_calibration,310000,8,0.0012,0.0,0,0.0,0.0,1.0,0.0,0.925,14,1.0,0.45,,0.125,0.11692679333668567,0.40697656547459915,0.6061897839158943,0.21479344932698835,3.280101337366978,0.35966673665384197,1.193364230942251,0.0002392279021364663,0.0,0.0,0.0,nan,0.39585389457726355
G,g8_h48,sinusoidal,frozen_start_calibration,311000,8,0.0012,0.0,0,0.0,0.0,1.0,0.0,0.925,14,1.0,0.45,,0.5,0.1767766952966369,0.15002464716528943,0.3948125650702651,0.1854829526237303,3.679067205363439,0.34068272139249567,1.1762536125932774,0.00041414709840552994,0.0,0.0,0.0,nan,0.3720034614792985
G,g8_h48,sinusoidal,windowed_sysid,310000,8,0.0012,0.0,0,0.0,0.0,1.0,0.0,0.925,14,1.0,0.45,,0.25,0.15309310892394862,0.37024070380733853,0.5947398233563717,0.20423872797076928,3.467208059915822,0.5360553079387653,1.4446545985091002,0.00042934116579806746,0.015625,0.0,0.0,nan,0.39585389457726355
G,g8_h48,sinusoidal,windowed_sysid,311000,8,0.0012,0.0,0,0.0,0.0,1.0,0.0,0.925,14,1.0,0.45,,0.5,0.1767766952966369,0.14569427892808268,0.40044822709085004,0.17537176264675447,3.883336619849805,0.507971477361054,1.5094245758397815,0.0007399168865414299,0.015625,0.0,0.0,nan,0.3720034614792985
G,g8_h48,sinusoidal,calibration_state,310000,8,0.0012,0.0,0,0.0,0.0,1.0,0.0,0.925,14,1.0,0.45,,0.125,0.11692679333668567,0.385945669415494,0.6015069608488977,0.2127289031532221,3.3177913569727817,0.3834946823759484,1.2937330764722006,0.0002525824367570807,0.0,0.0,0.0,nan,0.39585389457726355
G,g8_h48,sinusoidal,calibration_state,311000,8,0.0012,0.0,0,0.0,0.0,1.0,0.0,0.925,14,1.0,0.45,,0.5,0.1767766952966369,0.14670752281494548,0.39776757645164657,0.18391419022059483,3.7028634459669103,0.4217985382352397,1.2879212318044804,0.0004775034927565385,0.0,0.0,0.0,nan,0.3720034614792985
G,g8_h48,sinusoidal,oracle,310000,8,0.0012,0.0,0,0.0,0.0,1.0,0.0,0.925,14,1.0,0.45,,0.125,0.11692679333668567,0.3765211353482411,0.5986903226655602,0.2181191348221177,3.242405140842703,0.0,1.2185188742901776,0.00020239186579833673,0.0,0.0,0.0,nan,0.39585389457726355
G,g8_h48,sinusoidal,oracle,311000,8,0.0012,0.0,0,0.0,0.0,1.0,0.0,0.925,14,1.0,0.45,,0.375,0.1711632992203644,0.13176281252376962,0.40927202502136306,0.19014776290763094,3.6235384397606087,0.0,1.206075219862545,0.00039489329919546463,0.0,0.0,0.0,nan,0.3720034614792985
G,g8_h80,sinusoidal,nominal_offline,310000,8,0.0012,0.0,0,0.0,0.0,1.0,0.0,0.925,14,1.0,0.45,,0.375,0.1711632992203644,0.1766875431184049,0.37459751875188196,0.0910920905272328,5.0836834119112755,0.3204794862607634,1.0,0.00019996422904557782,0.0,0.0,0.0,nan,0.3945808708116242
G,g8_h80,sinusoidal,nominal_offline,311000,8,0.0012,0.0,0,0.0,0.0,1.0,0.0,0.925,14,1.0,0.45,,0.375,0.1711632992203644,0.23621515741935267,0.410408999591234,0.13005097945015295,5.240006779950994,0.2909892459631247,1.0,0.00024204680211530313,0.0,0.0,0.0,nan,0.37111042424532537
G,g8_h80,sinusoidal,frozen_start_calibration,310000,8,0.0012,0.0,0,0.0,0.0,1.0,0.0,0.925,14,1.0,0.45,,0.5,0.1767766952966369,0.13744043415782048,0.3501731945415882,0.08696450073554768,5.412517381642722,0.19672497565386213,1.193364230942251,0.00021686419350918517,0.0,0.0,0.0,nan,0.3945808708116242
G,g8_h80,sinusoidal,frozen_start_calibration,311000,8,0.0012,0.0,0,0.0,0.0,1.0,0.0,0.925,14,1.0,0.45,,0.375,0.1711632992203644,0.183684766790849,0.399576674541288,0.1104947710452255,6.06826664627349,0.18525323034084099,1.1762536125932774,0.0004176865388225699,0.0,0.0,0.0,nan,0.37111042424532537
G,g8_h80,sinusoidal,windowed_sysid,310000,8,0.0012,0.0,0,0.0,0.0,1.0,0.0,0.925,14,1.0,0.45,,0.5,0.1767766952966369,0.1275109033366702,0.35864025482685125,0.0825535384404002,5.735621586089376,0.37573079336870324,1.4180774876259838,0.0003694925096609737,0.010937500000000001,0.0,0.0,nan,0.3945808708116242
G,g8_h80,sinusoidal,windowed_sysid,311000,8,0.0012,0.0,0,0.0,0.0,1.0,0.0,0.925,14,1.0,0.45,,0.375,0.1711632992203644,0.15947320249148772,0.38400064946326606,0.1042888277389467,6.415803309878687,0.36822715715961774,1.424301210871427,0.0006421299272678426,0.0109375,0.0,0.0,nan,0.37111042424532537
G,g8_h80,sinusoidal,calibration_state,310000,8,0.0012,0.0,0,0.0,0.0,1.0,0.0,0.925,14,1.0,0.45,,0.375,0.1711632992203644,0.1321659005868796,0.35790520848019025,0.08525751577311236,5.531282782414691,0.2657867931096955,1.281326595195281,0.00025228028276701864,0.0,0.0,0.0,nan,0.3945808708116242
G,g8_h80,sinusoidal,calibration_state,311000,8,0.0012,0.0,0,0.0,0.0,1.0,0.0,0.925,14,1.0,0.45,,0.375,0.1711632992203644,0.17324260637143385,0.3791024821843697,0.10931684299633315,6.123843531461536,0.24829327468404125,1.4154571091202592,0.000460364869859907,0.0,0.0,0.0,nan,0.37111042424532537
G,g8_h80,sinusoidal,oracle,310000,8,0.0012,0.0,0,0.0,0.0,1.0,0.0,0.925,14,1.0,0.45,,0.625,0.1711632992203644,0.11264903331536591,0.35176726119316326,0.08765588709979177,5.390467859335034,0.0,1.2125044597034824,0.00022517385332421734,0.0,0.0,0.0,nan,0.3945808708116242
G,g8_h80,sinusoidal,oracle,311000,8,0.0012,0.0,0,0.0,0.0,1.0,0.0,0.925,14,1.0,0.45,,0.375,0.1711632992203644,0.14809642090368655,0.38335673255892844,0.11143788791708015,6.058870823297559,0.0,1.1970050883108443,0.0004064712503674208,0.0,0.0,0.0,nan,0.37111042424532537
G,g14_h48,sinusoidal,nominal_offline,310000,8,0.0012,0.0,0,0.0,0.0,1.0,0.0,0.925,14,1.0,0.45,,0.0,0.0,0.35207428818541336,0.36484449577489,0.2912717560494893,2.5432090967433636,0.39258064336665377,1.0,8.415033106481582e-05,0.0,0.0,0.0,nan,0.39585389457726355
G,g14_h48,sinusoidal,nominal_offline,311000,8,0.0012,0.0,0,0.0,0.0,1.0,0.0,0.925,14,1.0,0.45,,0.0,0.0,0.4971185748483185,0.43809444778924084,0.30647033982764693,2.711876270907349,0.4452559464936586,1.0,8.186702930099457e-05,0.0,0.0,0.0,nan,0.3720034614792985
G,g14_h48,sinusoidal,frozen_start_calibration,310000,8,0.0012,0.0,0,0.0,0.0,1.0,0.0,0.925,14,1.0,0.45,,0.0,0.0,0.32149751855584197,0.34223365941969086,0.2842608103610216,2.620191636180512,0.35966673665384197,1.193364230942251,7.549365331066006e-05,0.0,0.0,0.0,nan,0.39585389457726355
G,g14_h48,sinusoidal,frozen_start_calibration,311000,8,0.0012,0.0,0,0.0,0.0,1.0,0.0,0.925,14,1.0,0.45,,0.0,0.0,0.4345212768269786,0.4188811011412526,0.2913752828653656,2.907525351199478,0.34068272139249567,1.1762536125932774,0.00011541222762556937,0.0,0.0,0.0,nan,0.3720034614792985
G,g14_h48,sinusoidal,windowed_sysid,310000,8,0.0012,0.0,0,0.0,0.0,1.0,0.0,0.925,14,1.0,0.45,,0.125,0.11692679333668567,0.24974649563215243,0.3206510072782063,0.2632347684211883,2.8386402597067173,0.6475214096954922,1.6514748290597137,0.0002793316482158548,0.026041666666666664,0.0,0.0,nan,0.39585389457726355
G,g14_h48,sinusoidal,windowed_sysid,311000,8,0.0012,0.0,0,0.0,0.0,1.0,0.0,0.925,14,1.0,0.45,,0.25,0.15309310892394862,0.3731012929530402,0.3909193989325196,0.2746508134878889,3.0994499693166344,0.5768033783218943,1.7385935668518142,0.0003380407236537404,0.018229166666666664,0.0,0.0,nan,0.3720034614792985
G,g14_h48,sinusoidal,calibration_state,310000,8,0.0012,0.0,0,0.0,0.0,1.0,0.0,0.925,14,1.0,0.45,,0.25,0.15309310892394862,0.3137579665555107,0.3435410053992555,0.2878262260527669,2.61513157879953,0.4408442303794889,1.2929998322778908,9.062619500063623e-05,0.0,0.0,0.0,nan,0.39585389457726355
G,g14_h48,sinusoidal,calibration_state,311000,8,0.0012,0.0,0,0.0,0.0,1.0,0.0,0.925,14,1.0,0.45,,0.125,0.11692679333668567,0.4069508680386206,0.4101769492398416,0.2903125872938999,2.921267014267948,0.4201394686418951,1.3183479656408468,0.00012632354271048773,0.0,0.0,0.0,nan,0.3720034614792985
G,g14_h48,sinusoidal,oracle,310000,8,0.0012,0.0,0,0.0,0.0,1.0,0.0,0.925,14,1.0,0.45,,0.25,0.15309310892394862,0.27403520931077113,0.33354077607076427,0.2917293936759188,2.570212573707936,0.0,1.2185188742901776,6.404393063988473e-05,0.0,0.0,0.0,nan,0.39585389457726355
G,g14_h48,sinusoidal,oracle,311000,8,0.0012,0.0,0,0.0,0.0,1.0,0.0,0.925,14,1.0,0.45,,0.125,0.11692679333668567,0.3771063718025641,0.4099314906827827,0.29834495739440037,2.8473956636399125,0.0,1.206075219862545,0.00011733209237480577,0.0,0.0,0.0,nan,0.3720034614792985
G,g14_h80,sinusoidal,nominal_offline,310000,8,0.0012,0.0,0,0.0,0.0,1.0,0.0,0.925,14,1.0,0.45,,0.125,0.11692679333668567,0.41769227488650484,0.7592041477215935,0.16560340449709224,4.287731747276038,0.3204794862607634,1.0,6.167032993580253e-05,0.0,0.0,0.0,nan,0.3945808708116242
G,g14_h80,sinusoidal,nominal_offline,311000,8,0.0012,0.0,0,0.0,0.0,1.0,0.0,0.925,14,1.0,0.45,,0.375,0.1711632992203644,0.1942989065986495,0.48953977896981643,0.15038861337974857,4.5722930489214315,0.2909892459631247,1.0,9.842878109334228e-05,0.0,0.0,0.0,nan,0.37111042424532537
G,g14_h80,sinusoidal,frozen_start_calibration,310000,8,0.0012,0.0,0,0.0,0.0,1.0,0.0,0.925,14,1.0,0.45,,0.125,0.11692679333668567,0.3448297921163048,0.7214802606022401,0.16151069490662906,4.38752739397075,0.19672497565386213,1.193364230942251,4.70368821775697e-05,0.0,0.0,0.0,nan,0.3945808708116242
G,g14_h80,sinusoidal,frozen_start_calibration,311000,8,0.0012,0.0,0,0.0,0.0,1.0,0.0,0.925,14,1.0,0.45,,0.5,0.1767766952966369,0.1512146726367774,0.461331395678103,0.14013004408756333,4.97748389474164,0.18525323034084099,1.1762536125932774,0.0001408282596604524,0.0,0.0,0.0,nan,0.37111042424532537
G,g14_h80,sinusoidal,windowed_sysid,310000,8,0.0012,0.0,0,0.0,0.0,1.0,0.0,0.925,14,1.0,0.45,,0.125,0.11692679333668567,0.31061116754016943,0.6975693014293944,0.1526900675658722,4.632994311035356,0.42111829558218317,4.149145449719557,0.0001391676442023353,0.0203125,0.0,0.0,nan,0.3945808708116242
G,g14_h80,sinusoidal,windowed_sysid,311000,8,0.0012,0.0,0,0.0,0.0,1.0,0.0,0.925,14,1.0,0.45,,0.625,0.1711632992203644,0.13534371784703156,0.4466198718924006,0.13395934406780968,5.2091852064380655,0.41859608353288424,1.6578265798099037,0.00024326919744041222,0.0125,0.0,0.0,nan,0.37111042424532537
G,g14_h80,sinusoidal,calibration_state,310000,8,0.0012,0.0,0,0.0,0.0,1.0,0.0,0.925,14,1.0,0.45,,0.125,0.11692679333668567,0.3454804943686284,0.7177535263935169,0.16170782071111053,4.389630971513036,0.262140573045091,1.385028028051366,5.575152757155708e-05,0.0,0.0,0.0,nan,0.3945808708116242
G,g14_h80,sinusoidal,calibration_state,311000,8,0.0012,0.0,0,0.0,0.0,1.0,0.0,0.925,14,1.0,0.45,,0.375,0.1711632992203644,0.17281526340371461,0.4764315260670413,0.14105341294913232,4.9748546572208,0.27701291939253736,1.4606850490779029,0.00014567560650237835,0.0015625,0.0,0.0,nan,0.37111042424532537
G,g14_h80,sinusoidal,oracle,310000,8,0.0012,0.0,0,0.0,0.0,1.0,0.0,0.925,14,1.0,0.45,,0.125,0.11692679333668567,0.2852096872994776,0.6926827400839727,0.1652678878502137,4.298786199335621,0.0,1.2125044597034824,3.783391869142293e-05,0.0,0.0,0.0,nan,0.3945808708116242
G,g14_h80,sinusoidal,oracle,311000,8,0.0012,0.0,0,0.0,0.0,1.0,0.0,0.925,14,1.0,0.45,,0.625,0.1711632992203644,0.12738018582594585,0.46034850583334014,0.14309963647642385,4.919270346130773,0.0,1.1970050883108443,0.00013869754697891617,0.0,0.0,0.0,nan,0.37111042424532537
G,g20_h48,sinusoidal,nominal_offline,310000,8,0.0012,0.0,0,0.0,0.0,1.0,0.0,0.925,14,1.0,0.45,,0.125,0.11692679333668567,0.22081776868093395,0.39295499269689904,0.2504550798041284,2.1182633605406385,0.39258064336665377,1.0,3.762760542295864e-05,0.0,0.0,0.0,nan,0.39585389457726355
G,g20_h48,sinusoidal,nominal_offline,311000,8,0.0012,0.0,0,0.0,0.0,1.0,0.0,0.925,14,1.0,0.45,,0.125,0.11692679333668567,0.3111470287050794,0.45448506840122,0.2855964157971901,2.1718148786149487,0.4452559464936586,1.0,2.8726565865033327e-05,0.0,0.0,0.0,nan,0.3720034614792985
G,g20_h48,sinusoidal,frozen_start_calibration,310000,8,0.0012,0.0,0,0.0,0.0,1.0,0.0,0.925,14,1.0,0.45,,0.125,0.11692679333668567,0.17658949819283226,0.37460235414834875,0.25366461324733725,2.1354171615805786,0.35966673665384197,1.193364230942251,3.511136494321223e-05,0.0,0.0,0.0,nan,0.39585389457726355
G,g20_h48,sinusoidal,frozen_start_calibration,311000,8,0.0012,0.0,0,0.0,0.0,1.0,0.0,0.925,14,1.0,0.45,,0.375,0.1711632992203644,0.24192714931864842,0.4296983191900269,0.2738898263604453,2.2793543602752537,0.34068272139249567,1.1762536125932774,4.1709339520492934e-05,0.0,0.0,0.0,nan,0.3720034614792985
G,g20_h48,sinusoidal,windowed_sysid,310000,8,0.0012,0.0,0,0.0,0.0,1.0,0.0,0.925,14,1.0,0.45,,0.5,0.1767766952966369,0.1115346689881993,0.346333223135019,0.22519021176973472,2.374746713457283,0.4876346989536856,1.7631720488106497,0.00024330558171483247,0.041666666666666664,0.0,0.0,nan,0.39585389457726355
G,g20_h48,sinusoidal,windowed_sysid,311000,8,0.0012,0.0,0,0.0,0.0,1.0,0.0,0.925,14,1.0,0.45,,0.375,0.1711632992203644,0.18497268379722004,0.3851743635676598,0.25339336033820925,2.4485043536422855,0.49018563260909637,2.255028727150482,0.00019270232073627754,0.02864583333333333,0.0,0.0,nan,0.3720034614792985
G,g20_h48,sinusoidal,calibration_state,310000,8,0.0012,0.0,0,0.0,0.0,1.0,0.0,0.925,14,1.0,0.45,,0.375,0.1711632992203644,0.12600412165166508,0.35703342460300025,0.24982615127430563,2.1643056566218446,0.43296780679094726,1.2984611800098957,4.573591504896002e-05,0.0,0.0,0.0,nan,0.39585389457726355
G,g20_h48,sinusoidal,calibration_state,311000,8,0.0012,0.0,0,0.0,0.0,1.0,0.0,0.925,14,1.0,0.45,,0.375,0.1711632992203644,0.20328383293579574,0.4156831103665872,0.27337294521240196,2.2824599362827995,0.38148991535300814,1.331787626913417,4.642882267744263e-05,0.0,0.0,0.0,nan,0.3720034614792985
G,g20_h48,sinusoidal,oracle,310000,8,0.0012,0.0,0,0.0,0.0,1.0,0.0,0.925,14,1.0,0.45,,0.375,0.1711632992203644,0.1330615188816992,0.36350809186614785,0.2613250353898938,2.083335474806958,0.0,1.2185188742901776,1.2409509167827037e-05,0.0,0.0,0.0,nan,0.39585389457726355
G,g20_h48,sinusoidal,oracle,311000,8,0.0012,0.0,0,0.0,0.0,1.0,0.0,0.925,14,1.0,0.45,,0.375,0.1711632992203644,0.21114212431199797,0.42153286083929026,0.28376163607637134,2.2098453759359606,0.0,1.206075219862545,1.2422337551729702e-05,0.0,0.0,0.0,nan,0.3720034614792985
G,g20_h80,sinusoidal,nominal_offline,310000,8,0.0012,0.0,0,0.0,0.0,1.0,0.0,0.925,14,1.0,0.45,,1.0,0.0,0.0015446453466584221,0.026024838332299204,0.23402629997022645,3.1551486117340604,0.3204794862607634,1.0,3.8582839656150874e-05,0.0,0.0,0.0,nan,0.3945808708116242
G,g20_h80,sinusoidal,nominal_offline,311000,8,0.0012,0.0,0,0.0,0.0,1.0,0.0,0.925,14,1.0,0.45,,1.0,0.0,0.007181862771157985,0.10770568623445925,0.24347648376464498,3.4714939153497557,0.2909892459631247,1.0,2.3903389930007917e-05,0.0,0.0,0.0,nan,0.37111042424532537
G,g20_h80,sinusoidal,frozen_start_calibration,310000,8,0.0012,0.0,0,0.0,0.0,1.0,0.0,0.925,14,1.0,0.45,,1.0,0.0,0.0015863329014071774,0.0163115517370715,0.2373225295043404,3.075364140125035,0.19672497565386213,1.193364230942251,3.0829585413623474e-05,0.0,0.0,0.0,nan,0.3945808708116242
G,g20_h80,sinusoidal,frozen_start_calibration,311000,8,0.0012,0.0,0,0.0,0.0,1.0,0.0,0.925,14,1.0,0.45,,1.0,0.0,0.0015584747962716903,0.0385069182934929,0.24057538089560523,3.4927657465644026,0.18525323034084099,1.1762536125932774,3.5447087631577275e-05,0.0,0.0,0.0,nan,0.37111042424532537
G,g20_h80,sinusoidal,windowed_sysid,310000,8,0.0012,0.0,0,0.0,0.0,1.0,0.0,0.925,14,1.0,0.45,,1.0,0.0,0.018526926256402957,0.015480195748173763,0.21440323123383215,3.4115490056186935,0.5681007278016055,3.1229927664717723,0.00012556602437283448,0.026562500000000003,0.0,0.0,nan,0.3945808708116242
G,g20_h80,sinusoidal,windowed_sysid,311000,8,0.0012,0.0,0,0.0,0.0,1.0,0.0,0.925,14,1.0,0.45,,1.0,0.0,0.005073024678567681,0.04362323071396648,0.21862604392099444,3.78571449267724,0.5238007611876971,2.600585550154924,9.65183515831797e-05,0.0234375,0.0,0.0,nan,0.37111042424532537
G,g20_h80,sinusoidal,calibration_state,310000,8,0.0012,0.0,0,0.0,0.0,1.0,0.0,0.925,14,1.0,0.45,,1.0,0.0,0.0017877201229105823,0.013857861475464339,0.24133779337445627,3.033807628146331,0.37879602527496314,1.4489280489878409,3.1765992452472165e-05,0.0,0.0,0.0,nan,0.3945808708116242
G,g20_h80,sinusoidal,calibration_state,311000,8,0.0012,0.0,0,0.0,0.0,1.0,0.0,0.925,14,1.0,0.45,,1.0,0.0,0.0014878441354540676,0.046884830284490725,0.2454087917701298,3.4290801706145535,0.4229072535978544,1.581458134964348,3.2573911004196235e-05,0.0,0.0,0.0,nan,0.37111042424532537
G,g20_h80,sinusoidal,oracle,310000,8,0.0012,0.0,0,0.0,0.0,1.0,0.0,0.925,14,1.0,0.45,,1.0,0.0,0.0015383077863025054,0.020687749545124923,0.2498565178946663,2.9283026197816744,0.0,1.2125044597034824,5.766408188062781e-06,0.0,0.0,0.0,nan,0.3945808708116242
G,g20_h80,sinusoidal,oracle,311000,8,0.0012,0.0,0,0.0,0.0,1.0,0.0,0.925,14,1.0,0.45,,1.0,0.0,0.0014975952165913922,0.05048650401113737,0.2524669014904243,3.349855013328982,0.0,1.1970050883108443,6.4449341112551954e-06,0.0,0.0,0.0,nan,0.37111042424532537
